Ouery_Cleaned,Answer
rat,Use of Zink Sulphate Tablet.
yellowing leaves,spraying of 19:19:19 + microla
sucking pest wheat,you can spray profex super 40  mili /pamp water use for wheat crop
mouse wheat,use Fresh Cab Botanical Rodent Repellent for control of mouse
rust,spraying of m - 45 25 gm / 15 liter water
caterpillar,spraying of chloropayrifos 30 ml / 15 liter water
rats wheat,USE ZINK PHOSPHIDE FOR EFFECTIVE CONTROL OF RATS IN WHEAT
weed,use hand tooling
blight,spraying of tilt
aphids,FOR CONTROL APHIDS SPRAY CONFIDOR 10 ML  + VIROSOL 30 GM PER PUMP
wheat,Spray Redomil Gold 30gm  /15Lit of Water.
rat wheat,Use of Zink phosphate Tablet to control rat .
controlling store grain pest,USE CELLPHOSE TABLET  AT THE TIME OF STORAGE
rat problem,Use of Zink Sulphate Tablet.
sucking pest,spraying of actra 5 gm / 15 liter water
rats,capsul for rat kills
wants fungal onion,Recommended for to control of fungal attack use copper oxy chloride 40 gram and streptocyclin 2 gram at 15 liter of water
stored grain pest,"MIX WELL BORIC ACID POWDER, LEAFS OF NEEM AND ASH"
enquired caterpillar wheat,to control  caterpillar  attack on  wheat Spray Chloropyriphos 30ml/15 Lit of Water.
insecticide use apghid jassid wheat,you can spray trayzophos 40 mili+asefet 30 gram /pamp water  for aphid jassid control
enquired blight wheat,to control blight attack on wheat Spray M-45 30 gm/15 Lit of Water
enquired yellowing wheat,to control yellowing in wheat Spray Bavistine 30gm/15lit of Water.
mava,Spray Actra 5 gm/15 Lit of Water.
insecticide use apphid jassid,you can spray tryzophos 40 mili+asefet 30 gram /pamp water for aphid jassid control
mice,Use of Zink Sulphate Tablet.
mouse,ZINK PHOSPAET
controlling rust wheat,spray M-45 25 gm / 10 liter of water for controlling rust on wheat
weed wheatq,spray pendamithiline 30 EC 70ml/ 10 liter of water
white grub,application of thimate
wants rotent hom,Recommended for before germination use zinc phosphate 1 kg at 500 liter of water per hactayer
dusting pests insects,Suggested: Methyl Parathion 2% dusting 5 kg/vigha
termite white grub,Suggested: Chlorpyrifos 20 EC 30 ml/pump drenching or 250 ml/vigha water treatment
termite,Suggested: Fipronil 5 SC 25ml/pump spray [Final Control]
larvae,Suggested: Quinalphos 25 EC 30 ml/pump spray
white fly,Suggested: Acetamiprid 20 SP (Pride/Ekka) 5 gram/pump spray
wants fungal,Recommended for to control of fungal attack use copper oxy chloride 40 gram and streptocyclin 2 gram at 15 liter of water
thrips,Suggested: Profenofos 50% EC 25 ml/pump spray
larva,cypermethrin 10 ml. per pump and to spray.
mite,Suggested: Dicofol 18.5 EC 25 ml/pump spray
wheat weed,I suggested to hand weeding
termit,Suggested: Chlorpyrifos 20% e.c. 25 ml/10 kg seeds [ for termite and white grub protection
wheat yellowing leaf,I suggested to sprey urea 100 gm/pump
larva wheat,Suggested: DDVP 5 ml + Quinalphos 25 ml /pump spray
wheat rust,I suggested to sprey contaf 15 ml/pump
wilt problem,i suggested spray mencozeb 25 gram /10 li. Water
yellowing leaf,I suggested to spray urea 100 gm/pump
wheat termite,I suggested to give cloropyriphos 2.5 lit/ha
wheat root wilt,I suggested to give coc 2.5 kg/ha
wheat sucking pest,I suggested to spray diemithoat 15 ml/pump
weed fungus problem root,"Suggested: 2,4-D 25ml / pump spraySuggest:carbendenzim 50% w.p 30 gm/pump drenching  OR 250 gram/vigha water treatment"
wheat caterpillar,I suggested to spray quinalphos 20 ml/pump
termite nematod white grub larvae,Suggested: Chlorpyrifos 20 EC 30 ml/pump drenching or 250 ml/vigha water treatmentSuggested: Quinalphos 25 EC 30 ml/pump spray
mite redmite ant,Suggested: Dicofol 18.5 EC 25 ml/pump spray
termite nematod white grub fungus problem root,Suggested: Phorate 10 G 2 kg/vigha Suggested: Carbendazim (Bavistin) 50% W.P. 30 gram/pump drenching OR 250 gram/vigha water treatment?????
sucking pests problem white fly,Suggested: Dimethoate (Rogar) 30% E.C. 20 ml/pump spray [Suitable for young crops]Suggested: Triazophos 40 EC 30 ml/pump spray [ suitable for young crop ]
yellow rust wheat,information regarding how to control yellow rust in wheat crop?Spray- 200 ml tilt in 200  liter  water /acre .
sundi wheat,spray of qvinalfos 600 ml in 200 liter water per acre .
flower droping pomegranate,how to control flower droping in pomegranate ?Spray 1 ml. Planofix in 4.5 lt. of water/acre .
aphids wheat,Spray 100 ml. Confidor (17.8%) in 200 lt. of water per acre.
aphids sundi wheat,Information regarding how to control aphids/sundi in wheat crop?spray 100 ml confidor in 150 litre water/ acre .
fruit borer carrot,spray 60 ml. cypermethrin in 200 lt. of water per acre.
berseem,DISEASE CONTROL IN BERSEEM --SPRAY 400 GM BAVASTIN IN 200 LITER WATER /ACRE.
fungal diseases wheat,How to control fungal diseases in wheat?Spray 600 gm. Mencozeb in 200 lt. of water per acre.
catterliller wheat,Broadcast  5 kg foret + OR 10 REGENT 10 kg urea / acre .
thirips wheat,spray of malathion @ 600 ml in 200 liter water/acre .
root borrer termite wheat,Information regarding how to control root borrer/termite in wheat crop broadcast chlorpyriphos @ 2 litre mix in 20 kg dry send/acre.
thirps wheat,-Spray 100 ml. Confidor in 150 lt. of water per acre.
iformation termite wheat,Iformation regarding how to control termite in wheat?Broadcast 1.5 Ltr chlorophyriphos in 25 kg sand  per acre  .
regardingh sundai whet crops,"spray 45 ml fame @ 100 lt water par acre,"
thirips sundi wheat,spray of confidor 100 ml OR 80ml ektara  in 150 liter water/acre .
insecates wheat,spray melathion in @400 ml in200 litre of water/acre.
sundi wheat spray ml coragen lt water per acre,Spray 60 ml. coragen in 100 lt. of water per acre.
termite wheat,spread 2 ltr chloro+2 ltr water +25 kg soil.
yellow white rust wheat,Spray 200 ml. Tilt or Folicur in 200 lt. of water per acre.
thirips insects wheat,Information regarding How to control thirips/insects in wheat?spray ?:- 100 ml confidor or 400 gm melathion or 350 ml rogar in 200 litre water / ecd .
white fly sundi,Spray - 80 ml alika 125 litar water par acrea.Information regarding how to control white fly /sundi in cotton-spray 80 ml alika 150  liter water per acre .
fungle wheat,INFORMATION REGARDING HOW TO CONTROL FUNGLE DISEASE IN WHEAT CROP ? .SPPRAY 600 ML MENKOZEB (M-45) IN 200 LITRE WATER /ACRE .
thrips aphid wheat,-spray confidor @ 100 ml in 150 litre of water/acre.
affids thrips wheat,information regarding control of affids and thrips in wheat  ? spray 400ml malathion  or 350 ml rogor or 400 gm karboril in 200Ltr of water /acre .
past wheat,Spray-rogor 250 ml 200 litar water per acre.
fruit borer tomato,how to control fruit borer in tomato?spray 60 ml. cypermethrin in 200 lt. of water per acre.
flower fruit dropping,How to control flower and fruit dropping ?spray 1 ml planofix in 4.5 liter water.
early blight tomato,How to control Early Blight in Tomato?Spray 400 gm. M-45 in 200 lt. of water per acre.
catterpiller barseem,spray of quinalphos @ 2ml/litre of water.
fungal desease wheat,Spray of menkojeb 800 gm in 200 liter water per acre .
catterpiller wheat,spray of monocrotophos @ 400 ml in 200 litre of water/acre.
fungle diseases onion,How to control fungle diseases in  ONION ?Spray of indofil M-45@ 600 gm in 200 lt. of water per acre.
dhimak wheat,brodcisting 20 kg rat in 1.5 liter cilieropiriphos per acre .
insect wheat,"How to insect control in  wheat crop ?spray 250 ml ,monocrotophosa  or 200 ml malathion  -50 e c ,or 500ml quanalphose ,400gm karberil  in 250 litre water / acre"
yellowness leaves wheat,Spray 2.5 kg. Urea and 500 gm. Zinc in 100 lt. of water per acre.
barseem,spray 60 ml. cypermethrin in 200 lt. of water per acre.
stem borrer paddy,spray monochrotophos @ 500 ml mixes in 200 litre of water/acre
thrips kansua jwar,control of thrips/kansua in jwar-spray malathion @ 400 ml in 200 litre of water/acre.
termite pest wheat,Broadcast 1.5 lt. Chlorpyriphos mix in 20 kg. dry sand per acre than apply light irrigation.
fungal diseases chapan kaddu spray gm bavastin lt water per acre,Spray 600 gm. bavastin in 200 lt. of water per acre.
black aunt sugarcane,information regarding control of black aunt in sugarcane ?spray 160 ml Dichlorowas or 400 ml chlorophyriphos in 250 Ltr of water /acre .
onion,DISEASE CONTROL IN BERSEEM --SPRAY 400 GM BAVASTIN IN 200 LITER WATER /ACRE.
nformation affids thrips wheat,spray 400ml malathion or 350 ml rogor or 400 gm karboril in 200Ltr of water /acre .
aphid wheat,How to control aphid in wheat crop? Spray-100 ml confidor 150 letar water par acre.
insects sugarcane,"spray of nuwan 76 e.c. @ 80 ml in 200 litre of water/acre,"
informatio fungal,Informatio regarding how to control fungal disease in cotton crop ?spray bavistin @ 400 gm in 200 litre of water/acre.
nformation aphids sundi wheat,spray 100 ml confidor in 150 litre water/ acre .
fruit rot branch dieback chillies,Spray 400 gm. M-45 in 200 lt. of water per acre.
nemetod wheat crops brdodcast karbofuran kg kilo dry soil per acer light irrigation,"Information regarding how to control nemetod in wheat crops?Control:-Brdodcast Karbofuran@13 kg in 30 kilo dry soil per acer,and after light irrigation,"
sugarcane,DISEASE CONTROL IN SUGARCANE --SPRAY 800 GM BAVASTIN IN 250 LITER WATER /ACRE.
yellow black rust spike wheat,Spray 200 ml. Tilt/folicure in 200 lt. of water per acre.
thrips barseem,spray confidor @ 100 ml mixed in 150 litre of water/acre.
seed traeatment wheat fungal diseases,Seed treatment with 2 gm. Bavistin or 1 gm. Raxil per kg. of seed.
fungal dieseas wheat,How to control of fungal dieseas in wheat:- Spray of sulphar 800 gm in 160 liter water per acre .
yellowing rust wheat,information regarding control yellowing rust in WHEAT ?spray 200 ml tilt in 200 liter water per acre .
nemetod wheat crops,"Information regarding how to control nemetod in wheat crops?Control:-Brdodcast Karbofuran@13 kg in 30 kilo dry soil per acer,and after light irrigation,"
weeds jwar,weeds control in jwar :-spray 400 gram etrazin in 250 leeter water /acre  one day after sowing..
sundai wheat crops,"spray 45 ml fame @ 100 lt of water par acre,"
kali kidi sugarcane,160 ml dichlorovas 76 EC or 400 ml chloropyriphos in 400 liter water / acre .
insect pest fruit,500 ml melathion 50 EC or rogor 30 EC or monocrotophos 36 WS or quinalphos 25 EC or metasystox 25 EC in 500 liter water / acre .
aphids mustard,Spray 100 ml. Confidor in 120 lt. of water per acre.
funjal paddy,HOW TO CONTROL FUNJAL DISEASE IN PADDY ? SPRAY OF CARVENDAJIM (BABASTIN)500 GM IN 200 LITER WATER/ACRE
stem borer sundi leaffolder paddy,"Information regarding how to control stem borer ,sundi,leaffolder in paddy cropbroadcast in 7.5 kg cartap(padan) / acre ."
sundi paddy crops,"Information regarding how to control sundi in paddy crops?control:-spray-Monokrotophos@450 ml in 200 liter water per acer,"
thirips moong,how to control thirips in moong?control thirips in moong?spray of melathion @ 200 ml/200 liter water/acre  or ROGOR 350 ml/200 litre of water.
leaf folder paddy,Spray 200 ml. monocrotophos in 200 lt. of water per acre.
mixed weeds wheat,Information regarding how to control mixed weeds in wheat crop ?spray 500 ml accord plus or 16 gm total or 160 gm vesta in 250 liter water / acre at 30-35 days after sowing time .
fungal diseses wheat,spray 500 gm bavestin in 200 litre water/acre.
zinc deficiency wheat,spray 2.5kg Urea + 500 gm Zinc in 100 Ltr of water /acre .
type weeds wheat,spray accord plus @ 500 ml in 200 litre of water/acre.
nemotod wheat,information regarding how to control nemotod in wheat crop ?broadcast :-13 kg karbofuron / ecd .
root boror wheat,How  to control root boror  in wheat crop ?broadcast _13 karbofuron / ecd .
yellowness wheat,spray of magnesium sulphate @ 1 kg in 100 litre of water/acre.
nemotode wheat,BARODCASTING CARBOFURAN @ 13 KG /ACRE .
fungal mustard,spray of m-45 @ 400 gm in 200 litre of water/acre.
rwegarding root rot wheat,control root rot in wheat crop-spray of bavastin @ 400 gm mixed in 200 litre of water/acre.
weeds wheet,how to control weeds in wheet crop/ sappry 500 gram accrod plaus with in 200 liter water.
nformation zinc deficiency wheat,nformation regarding control of zinc deficiency in wheat ?spray 2.5kg Urea + 500 gm Zinc in 100 Ltr of water /acre .
fungal desease barseem,"spray M-45 , bavastin , propiconazol , copper oxy chloride @ 400 gm /200 liter water / acre ."
broad leaf weeds wheat,Information regarding how to control broad leafe weeds in wheat crop ?Spray algrip @ 8 gm in 200 litre of water/acre at the sowing time after 30 -35 days. ??
nemaode problems wheat,broadcast to furadan @ 5 kg mixed in 20 kg urea/acre/acre.
zinc deficiency wheat spray kg urea gm zinc ltr water acre,Information regarding control of zinc deficiency in wheat ?spray 2.5kg Urea + 500 gm Zinc in 100 Ltr of water /acre .
root wilt wheat,spray of bawastin @400 gm in 150 litre of water/acre.
nimitod wheat,Broadcasting 13 kg carbofuraan @ per acre.
root borer wheat,broadcasting of chlorolpyriphos @ 1.5 litre + 20 kg of soil/acre.
mixed weeds wheat mixed weeds wheat,spray 500 ml accord plus or 16 gm total or 160 gm vesta in 250 liter water / acre at 30-35 days after sowing time .
deemak wheat,Brodcasting cloropyrifhos 1.5 liter with 20 kg dry sand per acer .
yellowing wheat,spray of n:p:k(20:20:20)@ 1 kg in 100 litre of water/acre.
mixed weed wheat,How to control of mixed weed in wheat :-Spray of Accord plus 500 ml in 200 liter water per acre .
stem borer wheat,How to control of stem borer in wheat :- Spray of quinalfhos 500 ml in 150 liter water per acre .
nformation mixed weeds wheat,Information regarding how to control mixed weeds in wheat crop ?spray 500 ml accord plus or 16 gm total or 160 gm vesta in 250 liter water / acre at 30-35 days after sowing time .
nemotodes wheat,give a dose of carbofuran @13kg + 20 kg of soil/acre.
fungal desease musterd,How to control fungal desease in musterd crop ?Spray 600 gm. Mencozeb in 200 lt. of water per acre.
termit wheat,broadcast chlorpyriphos @ 2 litre mixed in 25  kg dry sand/acre.
fungal desease mustard,How to control fungal disease in mustard crop ?Spray 600 gm. Mencozeb in 200 lt. of water per acre.
fungal gram,spray of 500 gm coc in 200 litre of water/acre.
borer wheat,GIVE A DOSE 4 KG OF REGENT + 25 KG OF SOIL/ACRE.
nematodes wheat,give a dose of carbofuran @ 13 kg + 20 kg of soil/acre.
fungal pea,"spray 400 gm diathen m-45 or vavistin , karathane 40 EC @ 80 ml in 200 litre water /acre ."
root sundi wheat,how to control root sundi in wheat crop?broadcast :- 13 kg karbofuron /ecre ?
fungal dieses wheat,spray 500 gm Bavistin in 200 litre water/acre.
white grab wheat,Brodcasting cloropyrifhos 1.5 liter with 20 kg dry sand per acre .
yellolwing leafs wheat,spray of manesium sulphate @ 1 kg in 100 litre of water/acre.
fruit,Spray 2 gm M-45 or Bavastin or copper oxy chloride or sulfex or captan / liter water
regaing fungal wheat,Spray of 800 gm. Mencozeb in 200 lt. of water per acre.
bandar panja,"spray urea @ 2.5 kg,zinc @ 500 gm in 150 litre of water/acre."
nimotod wheat,BAROD CASTING CARBOFURAN @ 13 KG /ACRE.
informatio fungal wheat,Informatio regarding how to control fungal disease in wheat crop ?spray bavistin @ 400 gm in 200 litre of water/acre.
yellow leaf wheat,Spray of ferus sulphate 500 gm in 100 liter water per acre .
termite mustard,give a dose of chlorpyrifos @ 1.5 litre + 25 kg of soil/acre.
weed wheat,"spray of accord plus 500ml,200 lit.of water per acre."
root borrer wheat,give a dose of cartap hydrochloride @ 5 kg + 20 kg of soil/acre.
neemotod wheat,BROAD CASTING CARBOFURAN @ 13 KG /ACRE .
fungal wheat,spray bavistin @ 500 gram in 200 liter of water /acre.
gobh sundi wheat,control of gobh  sundi in wheat  - 5 kilogram foret in 20 kilogram urea per acre .
yellowing leafs wheat,spray of 1 kg magnese  sulphate in 100 litre of water/acre.
insecet wheat,how to control insecet in wheat crop :4-5 kg foreat par acer
fungal diesese wheat,spray 600 gm bavestin in 200 litre water/acre.
spray,2.5kg Urea + 500 gm Zinc in 100 Ltr of water /acre .zinc deficiency in wheat
turmit wheat,"CHLORPYRIPHOS 2LIT.,60 KG SANDY SOIL BRODCAST AFTER IRRIGATION."
informatio nemotodes wheat,give a dose of carbofuran @13kg + 20 kg of soil/acre.
fungal diseaase root rot wheat,spray bavistin @ 400 gm in 200 litre of water/acre.
graam,DISEASE CONTROL IN GRAM --SPRAY 2 GM BAVASTIN OR 2 GM SULFEX OR 1 GM KARATHEN IN 1 LITER WATER .
fungal onion,"spray 400 gm diathen m-45 or Bavistin , karathane 40 EC @ 80 ml in 200 litre water /acre ."
musturd,disease control in musturd?information regarding how to fungle disease in musturd ?spray 500gm diathen m-45 or bavastin in 250 litre water /acre .
fungal tomato,spray 400gm diathen m-45 or vavistin in 200 litre water /acre .
sundi musturd,SPRAY 500 ML QUINALPHOS 25 EC OR 250 ML MONOCROTOPHOS36 SL IN 250 LITER WATER.
regaing fungal musterd,Information regaing how to control fungal disease in musterd  crop? Spray 800 gm. Mencozeb in 200 lt. of water per acre.
weeds chana,only interculture.
spray accordinformation type weeds wheat,spray accordInformation regarding how to control all type weeds in wheat crop?Spray of accord plus @ 500 ml or besta @ 160 gm mixed  in 250 litre of water/acre..
purpul bloch musterd,Information regarding to control of purpul bloch in Musterd  crop ?Spray mancozeb @ 500 gm in 200 litre of water/acre.
weeds musterd,information regarding weeds control in musterd crop ? spray 25 ml glyboset or glysofate (rounup)in 125- 150 litre water / acre .
termite sugarcane,broadcast cloropyriphos @ 1.5 lt in 20 kg sand per acre.?
weeds wheat,spray of 400 ml axial in 200 litre of water/acre.
nematod wheat,control of nematod of wheat - burkav of 13 kilogram carbofuran in 20 kiloigram urea per acre .
broad leafe weeds wheat,Spray algrip @ 8 gm in 200 litre of water/acre at the sowing time after 30 -35 days. ??
nformation mixed weeds wheat cro,p ?Information regarding how to control mixed weeds in wheat crop ?spray 500 ml accord plus or 16 gm total or 160 gm vesta in 250 liter water / acre at 30-35 days after sowing time .
yellow wheat,spray 2.5 kg urea + 500 gram zinc in 150 liter of water /acre.
gram,DISEASE CONTROL IN ARHAR --SPRAY 2 GM BAVASTIN OR 2 GM SULFEX OR 1 GM KARATHEN IN 1 LITER WATER .
affids thrips,wheat  ? spray 400ml malathion  or 350 ml rogor or 400 gm karboril in 200Ltr of water /acre .
white yellow red leaf wheat,"how to control white /yellow, red, leaf of wheat  ? answer:-spray 2 -3 gm megneese salphate in 1 lit water ."
insects wheat,BROADCASTING OF PHORATE @ 5 KG + 50 KG UREA /ACRE.
black keedi sugarcane spray diechlorwas ml litre water acre,Information regarding how to control black keedi in sugarcane crop ?spray diechlorwas @ 160 ml in 400 litre of water/acre.
stem borrer wheat,spray of chloropyriphos @ 2ml/litre of water.
insect pest wheat,10 kg carbofuron mix with 15 kg urea or sand / acre
hoew insect wheat,control of insect in wheat - burkav of 5 kilogram foret in 20 kilogram sukhi mitti .
pest wheat,carbofuroun 13kg/acre. in standing crop.
mixed weeds wheat spray ml accord plus gm total gm vesta liter water acre days sowing time,Information regarding how to control mixed weeds in wheat crop ?spray 500 ml accord plus or 16 gm total or 160 gm vesta in 250 liter water / acre at 30-35 days after sowing time .?????:????? ?? ??? ??? ????  ????  ????????? ?? ?????? ????  ????? ??500 ?? ?? ?????? ???? ?? ??? ????? ?????????  ??200 ???? ???? ??  ?????? ????? ??? ??  ????? ??  ?????? ?????
purpul bloch onion,Information regarding to control of purpul bloch in onion crop ?Spray mancozeb @ 500 gm in 200 litre of water/acre.
fungal onion nursery,spray of bawastin @ 2gm/litre of water
tiddha wheat,Brodcasting methaile perathiyan 10 kg per acre .
nformation termite wheat,nformation regarding how to control of termite in wheat?broadcast cloropyriphos @ 1.5 lt in 20 kg sand per acre.
root borrer paddy,Information regarding how to control root borrer in paddy crop ?broadcast carbofuran @ 10 kg/acre.
sondi wheat,control of sondi in wheat -  burkav of -  5 kilogram foret in 20 kg urea per acre .
yellow black rust wheat,Spray 200 ml. Tilt/folicure in 200 lt. of water per acre.
nemotods wheat,how to control nemotods in wheat crop ? Broadcast :- 13 kg carbofuron / ecre before irrigation .
tell weed wheat,ALL WEED CONTROL IN WHEAT CROPS SPRAY TOTAL( SULFOSULFURAN 75%+METASULFURAN METHYL 5 % )80 WG 32 GM DISSOLVE 400-500 LITAR WATER SPRAY AFTER SOWING 30-35 DAYS
pof catterpiller wheat,BROADCASTING OF REGENT 5 KG +  50  KG OF UREA/ACRE.?
nimotode wheat,BROAD CASTING CARBOFURAN @ 13 KG /ACRE .
mandusi wheat,Spray of topik 160 gm in 200 liter water per acer .
stem rootborer wheat,broadcast padan @ 7.5 kg mixed in 20 kg dry sand/acre.
mixed weeds wheat spray ml accord plus gm vesta mixed liter water ecd,Information regarding how to control mixed weeds in wheat crop ?spray 500 ml accord plus or 160 gm vesta mixed in 200 liter water / ecd.
root borer wherat,GIVE A DOSE OF CARTAP HYDRICHLORIDE @ 5 KG + 20 KG OF SOIL/ACRE.
nformation yellow rust wheat,Spray- 200 ml tilt in 200 liter water /acre .
weed whaet,weed in whaet crop - sapray of 500 ml accord plus in 200 liter water  per acre .
dumping onion,how to control dumping off in onion crop ?spray 3 gm m-45 or karbendazim mixed in / lit water .
fungal musterd,Information regarding how to control fungal disease in musterd  crop ?spray mancozeb @ 500 gm in 200 litre of water/acre.
sundi wheat crops,CONTROL OF SUNDI IN WHEAT CROPS. ?SPRAY 50ML CYPERMETHRIN 25 EC OR 400 ML QUINALPHOS 25 EC OR 200 ML MONOCROTOPHOS 36 SL OR 80ML FENVALRATE 20 EC IN 200 LITER WATER /ACRE
yellow leafs wheat,spray of n:p:k(20:20:20) @ 1 kg + 1 kg magnese sulphate in 150 litre of water/acre.
white rust barseem,spray of 400 gm in 150 litre of water/acre.
sundi arhar,SPRAY 500 ML QUINALPHOS 25 EC OR 250 ML MONOCROTOPHOS36 SL IN 250 LITER WATER.
nemaode problems root borer wheat,broadcast to feuradan @ 13 kg mixed in 20 kg urea /acre.
blast wheat,spray coc @ 400 gm in 200 litre of water/acre.
weed weath,SPRAY 8 GRAM ALGRIP IN 200 LITER AWTER PER ACRE .
nformation root borer wheat,broadcasting of cartap haydrochloride @ 5 kg + 30 kg of soil/acre.
fungal diseaase wheat,spray bavistin @ 400 gm in 200 litre of water/acre.
yallow leaf wheat,urea 50kg per acre.
thrips wheat,spray malathion @ 400 ml in 200 liter of water /acre .
termite wheat broadcast cloropyriphos lt kg sand per acre,information regarding how to control of termite in wheat?broadcast cloropyriphos @ 1.5 lt in 20 kg sand per acre.
deficiency megnise wheat,spray of 1 kg megnise sulphet 100 lit.of water per acre.
yelloness wheat,spray of 500 gm zink +m 2.5 kg of urea in 200 litre of water/acre.
fungal diseases wheet,spray of babastin @ 400 gm/200 liter water/acre .
weed wheet,500 ml accored plus in 200 liter water par acer-
stem root borrer wheat,broadcast to feuradan @ 10 kg mixed in 20 kg dry sand/acre.
weeds barley,Spray algrip 20 G@ 8 gm +200ml surfectent litre water / acre .
wide leafly weeds wheat,spray of 8 gm algrip in 200 litre of water/acre.
tocontrol mixed weeds wheat,control mixed weeds in wheat crop ?spray 500 ml accord plus or 16 gm total or 160 gm vesta in 250 liter water / acre at 30-35 days after sowing time .
weed cabbage,"Weed control in cabbage ?Spray 1.2 liter alachlor (laso 50 % @2 liter ), pendimethlin 0.50 kg ( stomp 30 % 1.5 liter ) , Basaline 40 % @ 800-900 ML in 200-250 liter water /acre with in 10 days ."
potato,spray diethan M-45 ( Indofil - M-45 ) or Bavastin or Zineb ( indofil M-78 )@ 600-800 gm in 200-250 liter water / acre .
zinc defficincy wheat,Spray of zinc 500 gm + 2.5 kg urea par acre .
nemato wheat,control of nemato in whea - burkav of 13 kilogram carbofuraan in 20 kg mitti per acre
mixed weeds wheat spray,Information regarding how to control mixed weeds in wheat crop ?500 ml accord plus or 16 gm total or 160 gm vesta in 250 liter water / acre at 30-35 days after sowing time .
white yellow leaf wheat,"how to control white /yellow, red, leaf of Wheat  ? answer:-spray 2 -3 gm megneese salphate in 1 lit water ."
root borer nemaode problems wheat,broadcast to feuradan @ 13 kg mixed in 20 kg dry sand/acre.
fungal methi,Information regarding how to control fungal disease in methi crop ?spray mancozeb @ 300 gm in 100 litre of water/acre.
zinc defficency wheat,Spray of zinc 500 gm + 2.5 kg urea in 100 liter water per acre
white yellow leaf onion,how to control white /yellow leaf of onion ?answer:-spray 2 -3 gm farus salphate in 1 lit water .
sundi gram,SPRAY 50ML CYPERMETHRIN 25 EC OR 400 ML QUINALPHOS 25 EC OR 200 ML MONOCROTOPHOS 36 SL OR 80ML FENVALRATE 20 EC IN 200 LITER WATER /ACRE
aphids pea,Spray 400 ml. malathion or rogor in 200 lt. of water per acre.
turmite wheat,give a dose of chloropyriphos @1.5 litre + 25  kg of soil/acre.
fungal bottle gourd,"spray 400 gm diathen m-45 or vavistin , blitox -50 in 200 litre water /acre ."
slow groth yellow leaf wheat crops,control are:-spray-2.5 kg urea+500 gram zink in 150 liter water per acer.
nematodes problem wheat,"broadcast-Karbofuran@13 kilo in 30 kilo dry soil and after irrigation,"
neematod wheat crops,information regarding control of neematod in wheat crops?Brodcisting 13 kilo karbafuran in 25 kilo sand per acre .
phalaris minor weeds wheat,spray of axial @ 400 ml in 200 litre of water/acre.
yallow rust wheat,"SPRAY OF TILT 200ML,200LIT. OF WATER PER ACRE."
nematode problem wheat,Broadcast 13 kg. Carbofuran or 10 kg. Regent per acre.
cater piller nimitod wheat,How to control cater piller & nimitod in wheat crop?Brodcasting-12 kg carbofuran mix or 6 kg foret in 25 kilo silt.
root borar wheat,Broadcast of forate @ 5 kg per acre.
fungal diseases methi,How to control fungal diseases in METHI?Spray 800 gm. Mencozeb in 200 lt. of water per acre.
iformation nemotod deemak wheat,Iformation regarding how to control nemotod.(deemak) in wheat crop  ?Broadcast carbofuran 13 kg mixed in 20 kg urea  /acre  .
termite pest barley,Broadcast 1.5 lt. Chlorpyriphos mix in 20-25 kg. dry sand per acre than apply light irrigation.
thirps sundi wheat,"INFORMATION REGARDING CONTROL OF THIRPS /SUNDI IN WHEAT CROP-SPRAY OF CONFIDORE @150 ML IN 150 LITER WATER PER ACRE ,"
yellowness leaves growth wheat,SPRAY 2.5KG UREA+500GM ZINC21% IN 100LTR OF WATER /ACRE .
stem borrer catterpiller wheat,spray of 400 ml quinalphos in 200 litre of water/acre.
infomation deemak wheat,"infomation regarding how to control  deemak in wheat crop-2 liter cloropyrophose ,25 kilo rat per acre ."
insect musterd,"How to insect control in  musterd crop ?spray 250 ml ,monocrotophosa  or 200 ml malathion  -50 e c ,or 500ml quanalphose , in 250 litre water / acre"
thrips aphids wheat,spray confidor @ 100 ml in 150 litre of water/acre.
yellow black rust black spike wheat,Spray 200 ml. Tilt/folicure in 200 lt. of water per acre.
thirips mustard,How to control thirips in mustard ?Spray 400 ml. malathion in 200 lt. of water per acre.
magniz deeficiency wheat,Spray of magniz salphate 1 kg @ in 200 liter water per acre .
magniz defficency wheat,How to control of magniz defficency in wheat :- spray of 1 kg magniz salphate in 200 liter water per acre .
magniz difficency wheat,How to control of magniz difficency in wheat :-Spray of magniz salphate 1 kg @ in 200 liter water per acre .
informaation yellow leaf wheat,Informaation regarding  How to control yellow leaf in wheat crop ? spray 500 gm ferrous salphate mixed in 100 liter water / ecd
yellow leaf wheat spray gm megneeeze salphete mixed liter water,information regarding how to control yellow leaf in wheat crop ?spray 500 gm megneeeze salphete mixed in 100 liter water / ecd
insect pest musturd,SPRAY 400 ML MELATHION 50 EC OR 300 ML METASYSTOX 25 EC IN 250 LITER WATER/ACRE
black rust wheat,spray of folicur @200 ml in 200 litre of water/acre
affids thrips wheat affids thrips wheat,spray 400ml malathion or 350 ml rogor or 400 gm karboril in 200Ltr of water /acre .|
regading yellow rust wheat,information regading how to control yellow rust in wheat crop ?spray :-200 ml tilt (propekonazol) mixed in 200 liter water / ecd
infomation namitode wheat,"13kg carbofuran ,25 kilo rat per acre ."
fungel diseases musterd,Spray of M-45 @600 gm in 200 lt.  water per acre.
weeds wheat crops,control of weeds in wheat crops are:-spray total @16 gram. in 200 litr water per acer.
catterpiler wheat,broad forate @ 6 kg per acre.
yellowing leaf wheat,"spray n,p,k,19;19;19; 1kg in 125 ltr water."
yellow rust barley,:spray of tilt @200 ml in 200 litre of water/acre.
fungal diseases mustard,How to control fungal diseases in MUSTARD?Spray 800 gm. Mencozeb in 200 lt. of water per acre.
nematode wheat,Broadcast carbafuran @ 13 kg per acre.
fungal wheat crops,Spray 800 gm. Mencozeb in 200 lt. of water per acre.
nregarding termite white,broadcasting of chloropyriphos (20%) @ 2litre + 2 litre water+ 25 kg of soil/acre.
fungal diseases sarso,How to control fungal diseases in sarso crop?Spray 600 gm. bavastin in 200 lt. of water per acre.
black rust barley,How to control yelblack low rust in barley crop?Spray-200 ml tilt 200 liter water per acre.
termite gram crops,information regarding control of termite in gram crops?control are:- brodcast chloropyriphose @1.5 kilo in 25 kg dry soil.
white yellow red leaf wheat answer spray kilo megneese salphate lit water acre,"how to control white /yellow, red, leaf of wheat ?answer:-spray 500 gm  megneese  salphate  in 100 lit  water/acre ."
wheat root problem,please cont.to near kvk.
aphid thrips wheat,information regarding control of affids and thrips in wheat ? spray 400ml malathion or 350 ml rogor or 400 gm karboril in 200Ltr of water /acre .
iinformation zinc deficiency wheat,IInformation regarding control of zinc deficiency in wheat ?spray 2.5kg Urea + 500 gm Zinc in 100 Ltr of water /acre .
aphids sundi wheat spray ml confidor litre water acre,spray 100 ml confidor in 150 litre water/ acre .
tion aphids sundi wheat,spray 100 ml confidor in 150 litre water/ acre .
yellowing leaf barseem,SPRAY 2.5KG UREA+500GM ZINC21% IN 100LTR OF WATER /ACRE .
termit wheat crops,how to control of termit in wheat crops?brod casting 1-1.5 liter chloropyriphos in @ 20-25kg ((dry soil)  rate/acre .
alternaria blight fungal mustard,Information regarding how to control alternaria blight (fungal disease) in mustard crop ?spray mancozeb @ 500gm in 200 litre of water/acre.
ioran defficincy wheat,spray of ferus sulphate 500 gm in 100 liter water per acre .
iformation catterpiller deemak,Iformation regarding how to control catterpiller  .(deemak) ? Broadcast 2 Ltr chlorophyriphos +2 Ltr of water +25 kg sand  in  / acre  .
fungal disese wheat crops,how to control of fungal disese in gram crops? Control are:- spray bavistin @300 gram in 200 liter water per acer
fungal diseases barley,Spray 600 gm. Mencozeb in 200 lt. of water per acre.
yellow rust wheat n,How to control yellow rust in wheat crop?Spray 200 ml. Tilt in 200 lt. of water per acre.
flag smut barley,spray of tilt @ 200 ml in 200 litre of water/acre.
termiet,How to control termiet in ?Brodcasting -1.5 litar chlorpyriphos mix in 25 kilo silt.
ioran defficency wheat,spray of ferus salphate 500 gm in 100 liter water per acre .
yellow blackrust wheat,control of yellow/black rust in wheat crop-spray tilt/folicure @ 200 ml in 200 litre of water/acre.
yellow rustblack spike wheat,Spray- 200 ml tilt in 200  liter  water /acre .
magniz dificiency wheat,How to control of magniz dificiency in wheat :- Spray of magniz salphate 500 gm in 100 liter water per acer .
rust wheat,"spray of tilt 400ml,200lit.of water per acre."
nemetod wheat,How to control of nemetod in wheat crop -- burkaw of 13 kilogram carbofuran in 20 kilogram ret per acre .
insect pest mustard,SPRAY 400 ML MELATHION 50 EC OR 300 ML METASYSTOX 25 EC IN 250 LITER WATER/ACRE
ioran difficincy wheat,spray ferous sulphate @ 500 gm in 100 litre of water/acre.
stam borar wheat,Broadcast of cartap @7 Kg+15 Kg urea /acre
termite wheat crops,information regarding control of termite in wheat crops?control are:- brodcast chloropyriphose @1.5 kilo in 25 kg dry soil.
catterliller melon,information regarding control of catterliller  in melon ?Broadcast  5 kg foret + OR 10 REGENT 10 kg urea / acre .
thrips aphids,Information regarding to control of thrips/aphids in cotton crop ?spray confidor @ 100 ml in 150 litre of water/acre.
aphied wheat,"spray of rogar 400ml,200lit. of water per acre."
loose smut wheat,"spray of tilt 400ml,200lit. of water per acre."
leaf curl tomato,"spray of redomil 400 g,200lit.of water per acre."
affids thrips mustard,spray 400ml malathion or 350 ml rogor or 400 gm karboril in 200Ltr of water /acre .
wed wheat days,No weedicide use .
fungal dieaseas wheat,How to control of fungal dieaseas in wheat :- spray of zineb 800 gm in 200 liter water per acre .
fungal diseases wheat spray gm mencozeb lt water per acre,How to control fungal diseases in wheat?Spray 800 gm. Mencozeb in 200 lt. of water per acre.
broad weed wheat,"SPRAY CARFENTRAZONE (AFFINITY) 40% DF ,20GM IN 200-250LTR OF WATER/ACRE ."
weed sugarcane,"Spray 2,4-D ESTER 400 ml 200 liter of water per acer   after sowing."
stem borar wheat,Broadcasting of rejant @8-10 Kg +15 Kg urea/acre.
root borer caterpillars wheat,Information regarding how to control root borer/caterpillars in wheat crop ?Broadcast Regent @ 10 kg  or 5 kg foret mixed in 20 kg urea per acre.
thirips spike grub wheat,spray of 80 gm ektara in 150 liter water/acre .
affids thrips peach,information regarding control of affids and thrips in wheat  ? spray 400ml malathion OR 350 ML ROGOR or 400 ml quenalphose or 400 gm karberil  in 200Ltr of water /acre .
fungal potato,HOW  TO  CONTROL  FUNGAL DISEASE  IN POTATO CROP ?spray 400gm diathen m-45  or vavistin  in 200 litre water /acre .
mix weed wheat,"How to control of mix  weed in wheat :-  Spray of atlantis 160 gm in 200 liter water per acre ,"
regading yellow rust wheat spray ml tilt propekonazol mixed liter water ecd,information regading how to control yellow rust in wheat crop ?spray :-200 ml tilt (propekonazol) mixed in 200 liter water / ecd
yallow rust,"spray of tilt 200ml,200lit. of water per acre."
biological yallow rust,??????? ??? ?? ??? ?????? ????? ??? ?????? ????? ?? 500 ??. ??. ?????? ?? ????? ???? ?? ????? ?? ??? ??? ??-??? ?? ?????? ???? |???????? 10 ????  ? ??? ?? ????? 2.5 ????  ? ?????  250 ????? ???? ??? ??  80 ?? 90 ???? ???? ?? ??? ????? ??? ??????? ???? ?5 ???? ????? ?? ????? ?? ??? ??? ???? 7 ????? ?? ????? ??? ??? ???? ???? ??? 40 ???? ???? ??? 1 ???? ????? ???? ?? ?????? ??? |
red leaf wheat,Information regarding how to control red leaf in wheat crop ?spray mangnicium sulfet @ 500 gm in 100 litre of water/acre.
spray klodeenophop topick point gram liter water per acer,"control are- spray-klodeenophop(topick,point)@160gram in 200 liter water per acer."
catarpalair wheat,how to control catarpalair in wheat crop?Spray 100 ml. Confidor in 150 lt. of water per acre.
yello rest wheat,how to control yello rest in wheat crop ?Spray 200 ml. Tilt in 200 lt. of water per acre.
fungal dieases barseem,How to control fungal dieases in Barseem  crop?Spray 500 gm. M-45 in 200 lt. of water per acre.
yellow rust wheat aphids wheat,Spray 200 ml. Tilt in 200 lt. of water per acre.spray 100 ml. confidor in 120 lt. of water solution per acre.
fungal desease onion,"spray M-45 , bavastin , propiconazol , copper oxy chloride @ 400 gm /200 liter water / acre ."
broad leaf weed wheat,How to control of  broad leaf weed in wheat : spray of algrip 8 gm in 200 liter water per acre .
catter pillar wheat,How to control of catter pillar in wheat crop?spray   of   conphidor   100 ml in  150 litre   water/ acre .
aphad wheat,control aphad in wheat-100ml confidor in 150lt water
tela wheat,"spray of rogar 400ml,200lit. of water per acre."
apheid wheat,"spray of rogar 400ml,200lit. of water per acre."
apihds wheat,Spray of melathiyan 400 ml in 200 liter water per acre .
thrips weath crops,"Information regarding how to control thrips in weath crops?control:-spray-konfidor@100 ml in 120 liter water per acer,"
regardinghow aphid wheat,spray 100 ml. confidor in 150 lt. of water per acre.
phalaris minor wilt oat weeds wheat,Information regarding how to control Phalaris Minor & Wilt Oat weeds in wheat?Spray 160 gm. Atlantis in 200 lt. of water per acre to control Phalaris Minor & Wilt Oat in wheat.
insect thrips wheat,"How to insect control (thrips)in  wheat crop ?spray 250 ml ,monocrotophosa  or 200 ml malathion  -50 e c ,or 500ml quanalphose , in 250 litre water / acre"
weed sowing days,please hand weeding .
termiet wheat,How to control termiet in WHEAT?Brodcasting -1.5 litar chlorpyriphos mix in 25 kilo silt.
yellow brown leaf rust wheat,"FOR THE CONTROL OF YELLOW,BROWN LEAF RUST IN WHEAT CROP,SPRAY PROPICONAZOLE 25% EC(TILT)-200ML OR TRIADIMEFON 25% WP(BAYLETON)-200GM OR TEBUCONAZOLE 25%EC(FOLICUR)-200ML IN 200LITRE WATER PER ACRE."
manganese deficiency wheat,"for control of manganese deficiency in wheat, spray 1 kg manganese sulphate in 200 litres of water per acre ."
root catterpiller wheat,broadcasting of chloropyriphos(20%)@ 2 litre +2litre of water + 25 kg of soil/acre.
thirips wheat spray ml malathion lt water per acre,Spray 400 ml. malathion in 200 lt. of water per acre.
fungal desease bottleguard,"spray M-45 , bavastin , propiconazol , copper oxy chloride @ 400 gm /200 liter water / acre ."
insect wheat crops,spray of melathiyan 400 ml in 200 liter water per acre .
aphid wheat spray ml confidor lt water per acre,How to control aphid in wheat crop?spray 100 ml. confidor in 150 lt. of water per acre.
fengel dieses tomato,spray 2 gm bavestin @ per litre water.
brown rust wheat,information regarding how to control brown rust in wheat crop?Spray- 200 ml tilt in 200  liter  water /acre .
braod weeds wheat,Information regarding how to control BRAOD weeds in wheat?SPRAY :- 250 GM 2-4-D (80%)OR 8 GM ALGRIP OR 20 GM AFINITY IIN 200 LITRE WATER / ACRE .
regrading aphids wheat,spray of ektara @ 80 gm in 150 litre of water/acre.
powdery mildew wheat,How to control of powdery mildew in wheat ;-Spray of 800 gm in 200 liter water per acer .
weeds wheat crops spray accord plus ml liter water per acer,information regarding control of weeds in wheat crops?control are:-spray-accord plus@500 ml in 200 liter water per acer.
resd leaf wheat,how to control of resd leaf in wheat crop - 500 gram megnishiyam salfet  in 100 liter water per acre .
fungal desease wheat cr op,"spray M-45 , bavastin , propiconazol , copper oxy chloride @ 400 gm /200 liter water / acre ."
ioran difficency wheat,spray of ferus salphate 500 gm in 100 liter water per acre .
yellow rust,spray of tilt 200 ml in 200 liter water per acre .
broadleaf weeds narrow leaf weeds wheat,spray of total @16 gm/200liter water/acre .
magnese deficiency wheat,spray of 500 gm magnese sulphate in 100 litre of water/acre.
fungle diseases,spray 2 gm mancozeb @ per litre water.
affids thrips wheat spray,information regarding control of affids and thrips in wheat ? spray 400ml malathion or 350 ml rogor or 400 gm karboril in 200Ltr of water /acre .
aphid potato,How to control of aphid in potato?spray 400 ml. malathion in 200 lt. of water per acre.
yello leaf wheat,"information regarding how to control yello leaf in wheat crop -spray 500 gram zinc,2.5 kg urea 150 liter water per acre ,"
fungal jowar,How to control fungal disease in jowar ?Spray 400 gm. M-45 in 200 lt. of water per acre.
thirips gobh grubs wheat,control of thirips/gobh grubs in wheat crop ?spray of 80 gm ektara in 150 liter water/acre .
deficiency zink wheat,spray of 500 gm ferrous sulphate in 150 litre of water/acre.
fungal desease potato,"spray M-45 , bavastin , propiconazol , copper oxy chloride @ 400 gm /200 liter water / acre ."
yellow rust leaf wheat,Spray of tilt 200 ml in 200 liter water per acre .
thirps cauliflower,information regarding  how to control thirps in cauliflower crop ?spray ;400gm melathion or rogor  in 200 liter water  / acre .
weeds vegetables,information regarding how to weeds control in vegetables crop ?spray 1.25liter pendamethalin in 200 liter water /acreafter and before sowing..
bleac keedi sugarcane,how to control bleac keedi in sugarcane ?spray of clorpirifos @ 400 ml/250 liter water/acre .
yellow rust wheat spray ml tilt lt water per acre,How to control yellow rust in wheat crop?Spray 200 ml. Tilt in 200 lt. of water per acre.
improved growth wheat,How to control of improved growth in wheat :- Spray of 0-52-34 @ 500 gm in 100 liter water per acer .
regardion yellow leafs wheat,spray of 2.5 kg urea + 500 gm zink sulphate in 150 litre of water.
deemak barley,How to control deemak in barley crop ?1to 2 liter cloropyrophose 25 kilo rat per acre .
zinc deficiecy wheat,SPRAY 2.5KG UREA+500GM ZINC21% IN 100LTR OF WATER /ACRE .
sundi insect wheat,how to control sundi /insect in wheat ?broadcasting 5 - 7 kg foret per acre.
nimetod wheat crops,control:-Brodcast Karbofuran@13 kilo mix in 40 kg urea per acer and after irrigation.
low growth wheat,spray :- 500gm zink (21%)+ 2kg urea in 100 litre  water / acre .
low grouth wheat,spray :- 500gm zink (21%)+ 2kg urea in 100 litre  water / acre .
fungal dieseas jau,spray of m-45 @ 800 gm in 200 liter water per acre .
nemotdes wheat,broadcast of furadan @ 3 kg/acre.
yello grouth wheat,"information regarding how to control yello grouth in wheat crop-spray 500 gram zinc,2.5 kg urea ,200 liter per acre ."
fungal rootzone wheat,broadcasting of saaf @ 500 gm + 25 kg of soil/acre.
termite gram,information regarding control of termite in gram crops?control are:- brodcast chloropyriphose @1.5 kilo in 25 kg dry soil.
broad leaf weeds barley,"spray of 2,4-d sodium salt @ 400 gm in 200-250 litre of water/acre."
regrading weeds wheat,spray of etlantis @ 16gm in 120-150 litre of water/acre.
affids thrips masur,information regarding control of affids and thrips in masur ? spray 400ml malathion or 350 ml rogor or 400 gm karboril in 200Ltr of water /acre .
mixed weeds wheat e,Information regarding how to control mixed weeds in wheat crop ?spray 500 ml accord plus or 16 gm total or 160 gm vesta in 250 liter water / acre at 30-35 days after sowing time
affids thrips srson water acre,information regarding control of affids and thrips in sarson ? spray 400ml malathion or 350 ml rogor or 400 gm karboril in 200Ltr of water /acre .
broad leafs weeds barley,spray of 8 gm algrip in 200 litre of water/acre.
zinc deficiency wheat spray,5kg Urea + 500 gm Zinc in 100 Ltr of water /acre .
aphids wheat spray ml confidor lt water per acre,Information regarding how to control aphids in wheat crop?Spray 100 ml. Confidor in 150 lt. of water per acre.
magniz deficency wheat,How to control of magniz deficency in wheat :-Spray of magniz sulphate 1 kg in 200 liter water per acer .
formation yellow rust wheat,formation regarding how to control yellow rust in wheat crop?Spray- 200 ml tilt in 200 liter water /acre .
infrmation weed wheat,control of weeds in wheat crops are:-spray total @16 gram or 500 ml Acord plus in 200 litr water per acer.
sundi aphid wheat,How to control sundi/aphid in wheat crop?spray 500 ml. quanalphose in 150 lt. of water per acre.
root rot wheat,spray bavastin @ 400 gm in 200 litre of water/acre.
mix weeds wheat,Spray - 500 gm. Acord plus in 200 lt. of water per acre
painted bug wheat,Spray 200 ml. TILT in 200 lt. of water per acre.
weeds jau,SPRAY 400 ML AXIYEL -5 EC IN 200 LITRE WATER PER ACRE.
fungal disaese wheat,broadcasing of bawastin @ 500 gm + 25 kg of soil/acre.
infomation nemotodes wheat,broadcasting of furadon @ 3 kg+ 25 kg of soil/acre.
zinc deficiency mustard,Spray 2.5 kg. urea and 500 gm. zinc in 120 lt. of water per acre.
fungal diseases sirsa,spray 600 gm mancozeb in 200 litre water per acre.
root sarson,spray of saaf @ 500 gm + 25 kg  soil/acre.
nematodes chana,broadcast carbofuran @ 3 kg mixed in 20 kg urea/acre.
nematade wheat crops,Broadcast 13 kg. carbofuran 3G per acre before sowing the crop or sowing nematode resistant
nematode wheat crops,"Broadcast 13 kg. carbofuran 3G per acre before sowing the crop or sowing nematode resistant ,"
nematodin wheat crops,"Broadcast 13 kg. carbofuran 3G per acre before sowing the crop or sowing nematode resistant ,"
mixed weeds barley,Information regarding how to control mixed weeds in barley crop ?spray exial @ 400 ml+algrip @ 8 gm +200 ml surfectent in 200 litre of water/acre.
informaion root borrer termit wheat,Informaion regarding how to control root borrer/termit in wheat crop ?broadcast to rejent @ 10 kg mix in 25 kg urea/acre.
yellow rust wheat barley,How to control yellow rust in wheat barley?Spray 200 ml. Tilt in 200 lt. of water per acre.
nemaode wheat,control root borrer in wheat crop-bproblems roadcast to furadan @ 13 kg mixed in 20 kg dry send/acre.
nematode problems wheat,broadcast furadan @ 13 kg/acre.
controlf weeds wheat,"Spray-500 gram accord plus 22/EC ,200litar water par acre."
slow growth yellow leaf wheat crops,how to control of slow growth and yellow leaf in wheat crops?control are:-spray-NPK(19:19:19)@1 kilo in 120 liter water per acer.
red leaf barseem,Information regarding how to control red leaf in barseem crop ?spray mangnicium sulfet @ 500 gm in 100 litre of water/acre.
army worm wheat,spray of Qvinalphos 400 ml in 200 liter water per acre .
informaion root stem borrer wheat,Informaion regarding how to control root/stem borrer in wheat crop ?broadcast to padan @ 7.5 kg mix in 25 kg dry send/acre.
broad leaf narrow leaf weeds wheat,"Information regarding how to control Broad Leaf &narrow leaf weeds in wheat?Spray-500 gram accord plus 22/EC ,200litar water par acre."
slow growth yellow leaf barseem crops,control are:-spray-megnisium sulphat@1 kg in 100-125 liter water per acr.
dimak wheat crops,how to control dimak in wheat crops.?1-1.5 litre chloropyriphose in 25 kg sand(ret) before irrigation .
weeds onion,information regarding how to weeds  control in onion crop ?broadcast :- 1.25 litre pendamethlin  mixed 20 kg send /ecd .
termiet deemak brodcasting litar chlorpyriphos mix kilo silt,How to control termiet in DEEMAK?Brodcasting -1.5 litar chlorpyriphos mix in 25 kilo silt.
hairy caterpillar mustard spray ml quinalphos lt water per acre,How to control hairy caterpillar in mustard?Spray 500 ml. Quinalphos in 200 lt. of water per acre.
fungal roots wheat,broadcasting of saaf @ 500 gm + 25 kg of soil/acre.
nemitode wheat,"13 kg carbufiron ,25 kilo rat per acre ."
fungal desease tomato,"spray M-45 , bavastin , propiconazol , copper oxy chloride @ 400 gm /200 liter water / acre ."
defieceny zinc wheat,"spray of 500gram zinc sulphet +  2.5 kg urea ,100liter water per acre."
room borer wheat,give a dose of padan @5 kg+ 20 kg of soil/acre.
aphids wheat spray ml cloropyriphos lt water per acre,how to control aphids in wheat crop?spray 500 ml. cLOROPYRIPHOS in 200 lt. of water per acre.
fungel diseases wheat,Spray of M-45 @600 gm in 200 lt.  water per acre.
yellowing leaves wheat,Spray 500 gm. Zinc and 2.5 kg. urea in 100 lt. of water per acre.
fengel dieses garlic,spray 2 gm bavestin @ per litre water.
iformation termit wheat,broadcast to chlorpyriphos @ 2 litre mixed in 20 kg dry send/acre.
phalerus minar wheat,"SPRAY OF ACORD PLUS 500ML,200LIT. OF WTAER PER ACRE."
slow groth yelow leaf wheat crops,spray-2.5 kg urea+500 gram zink 16% in 200 liter water per acer.
rust matar,spray 400gm M-45 in 200Ltr of water /acre .
zinc deficiency wheat e,spray 2.5kg Urea + 500 gm Zinc in 100 Ltr of water /acr
zinc difficency wheat,Spray of zinc 500 gm + 2.5 kg urea in 100 liter water per acre .
broad leaf weeds jau,information regarding how to broad leaf weeds  control  in jau crop ?SPRAY 250 GM 2-4-D(80%)OR ALGRIP 8 GM OR AFINITY 20 GM IN 200 LITER WATER / ACRE
plz tell temites wheat,CHLOROPYRIPHOS 4 LIT PER HAC.WITH IRRIGATION
leaf curl,Information regarding how to control leaf curl in cotton?spray 250-350 ml rogor in 150 liter water /acre.
affids thrips weate,information regarding control of affids and thrips in wheat? spray 400ml malathion OR 350 ML ROGOR  in 200Ltr of water /acre .
ormation mixed weeds wheat,Information regarding how to control mixed weeds in wheat crop ?spray 500 ml accord plus or 16 gm total or 160 gm vesta in 250 liter water / acre at 30-35 days after sowing time .
deficiency zinc wheat,information regarding control  deficiency of zinc in wheat ?spray 2.5 kg urea + 500 gm zinc in 100 Ltr of water / acre .
rootborer caterpillars wheat,Broadcast Regent @ 10 kg  or 5 kg foret mixed in 20 kg urea per acre.
catterpiller deemak,how   to    control    catterpiller  .(deemak) ? Broadcast 2 Ltr chlorophyriphos +2 Ltr of water +25 kg sand  in  / acre  .
termite white,broadcasting of chloropyriphos (20%) @ 2litre + 2 litre water+ 25 kg of soil/acre.
insect whaet,Broadcasting 7 - 8 kg cartaap @ per acre.
formation zinc deficiency wheat,formation regarding control of zinc deficiency in wheat ?spray 2.5kg Urea + 500 gm Zinc in 100 Ltr of water /acre .
root borrer sundai wheat crops,broadcast to regent @ 10 kg mixed in 20 kg urea/acre.
fungal dieases wheat,spray 200 ml tilt in 200 liter per acre .
insect rets,BROADCASTING OF FURADAN @13 KG +15 KG UREA/ACRE.
zinc deficiency methi,Information regarding control of zinc deficiency in methi ?spray 2.5kg Urea + 500 gm Zinc in 100 Ltr of water /acre .
redness barseem,Information regarding how to control redness in barseem crop ?spray manganess sulphate @1 kg in 100 litre of water/acre.
broadleaf weeds wheat,spray of effinity @ 20 gm in 200 litre of water/acre.
white spot leaf wheat,spray 500 gm fares salfet in 100 litre water/acre.
phlaris minor wheat,spray of topic @ 160 gm in 200 litre of water/acre.
nformation sundi wheat,nformation regarding how to control sundi in wheat crop?spray 40 mlfem in 150 litre water/ acre .
deficiency wheat,spray of 500 gm ferrous sulphate in 200 litre of water.
fungal disesae root barseem,spray of bawastin @ 2gm/litre of water/acre.
fungal barseem,give a dose of saaf @ 500 gm + 25 kg of soil/acre.
nematode tomato,Broadcast carbafuran @ 13 kg per acre.
aphids yellow rust wheat,spray of tilt  @ 200 ml + 100 ml confidor in 200 litre of water/acre.
aphides wheat,"spray of rogar 200ml,200lit. of water per acre."
thrips wheat spray rogor ml litre water acre,Information regarding how to control thrips in wheat crop ?spray rogor @ 300 ml in 200 litre of water/acre.
root wilt barseem,spray of bawastin @ 2gm/litre of water/acre.
yellow rust wheat spray ml tilt liter water acre,information regarding how to control yellow rust in wheat crop?Spray- 200 ml tilt in 200 liter water /acre .
fungal diseases barseem,How to control fungal diseases in barseem crop?Spray 500 gm. bavastin in 200 lt. of water per acre.
top borer sugarcane broadcast carbofuradan kg per acre,how to control top borer in sugarcane?broadcast carbofuradan 13 kg. per acre.
hairy caterpillar mustard,How to control hairy caterpillar in mustard?Spray 500 ml. Quinalphos in 200 lt. of water per acre.
nemitod wheat,"13 kg carbofuran ,25 kilo rat per acre ."
mixed weeds wheat mixed weeds wheat spray ml accord plus gm total gm vesta liter water acre days sowing time,Information regarding how to control mixed weeds in wheat crop ?Information regarding how to control mixed weeds in wheat crop ?spray 500 ml accord plus or 16 gm total or 160 gm vesta in 250 liter water / acre at 30-35 days after sowing time .?????:????? ?? ??? ??? ????  ????  ????????? ?? ?????? ????  ????? ??500 ?? ?? ?????? ???? ?? ??? ????? ?????????  ??200 ???? ???? ??  ?????? ????? ??? ??  ????? ??  ??????
early blight onion,Spray 400 gm. M-45 in 200 lt. of water per acre.
fungus wheat,Spray 800 gm. M-45 in 200 lt. of water per acre.
deficiency zinc wheat spray kg urea gm zinc ltr water acre,information regarding control  deficiency of zinc in wheat ?spray 2.5 kg urea + 500 gm zinc in 100 Ltr of water / acre .
slow groth yelow leaf sarson crops,control are:-spray-2.5 kg urea+500 gram zink 16% in 200 liter water per acer.
weed wheat crops spray klodeenophop topick point gram liter water per acer,"how to control of weed in wheat crops?control are- spray-klodeenophop(topick,point)@160gram in 200 liter water per acer."
white yellow leaf paddy,"203 how to control white /yellow, red, leaf of paddy ?answer:-spray 2 -3 gm megneese  salphate  in 1 lit  water ."
bakani paddy,"spray of bavistin 500g,200 lit. of water per acre."
thirips,how to control thirips in cotton crop ?spray of Quinalphos @ 600 ml in 200 liter water/acer .
insect pest moong,SPRAY 400 ML MELATHION 50 EC OR ROGOR 30 EC OR 250 ML METASYSTOX 25 EC IN 250 LITER WATER /ACRE
leaf carl crops,how to control leaf carl in cotton crops?spray :-200ml-350ml rogor  in 150-200 lit water /acre.
fungel diseases paddy,Information regarding  how to control fungel diseases in paddy-Spray 600 gm. Carbendazim in 200 lt. of water per acre.
aabhasi candua haldi ganth paddy,how to control aabhasi candua(haldi ganth )in paddy ?spray  c.o.c.@ 500 gm in 200 liter water/acer .
regardingh weed paddy,weeds control in paddy crop:-broadcast  in  1.25liter byutaklor or pendamethalin(stomp-30) 60 kg sand / acre .
white leaf paddy,spray-2 gram ferus sulphate prti liter water .
regardingh fangle,information regardingh how to control fangle disease in cotton ?control are:-spray-stereptocyclien@6-8 gram+coc coper oxi cloried)@600-800 gram in 150-200 leetr water per acer.
al wheat,"spray of roogar 400ml,200lit. of water per acre."
aphids wheat spray ml confidor lt water solution per acre,how to control aphids in wheat crop?spray 100 ml. confidor in 120 lt. of water solution per acre.
fungal diasease wheat,how to control fungal diasease in wheat crop?Spray 800 gm. Mencozeb in 200 lt. of water per acre.
black leaf wheat,"spray of tilt 200ml,200lit of water per acre."
fengel diceses wheat,spray 200 ml tilt @ 200 liter water per acre .
regaing thirips wheat,Information regaing how to control THIRIPS in wheat crop? Spray 100 ml. Confidor in 150 lt. of water per acre.
sudi wheat,Information regarding how to control SUDI in wheat crop ?spray of 80 gm ektara in 150 liter water/acre .
aphids jassids wheat,Spray of confidor @ 100 ml in 120 litre of water/acre.
thirps catterpiller wheat,spray of monocrotophos @ 400 ml in 200 litre of water/acre.
aphids catterpiller wheat,spray of monocrotophos @ 400 ml in 200 litre of water/acre.
thirips wheat crops,Information regarding how to control thirips in wheat crop ?answer :- 100 ml confidor or 400 gm melathion or rogor in 150 litre water / ecd .
aphid mustard,"spray of melathian 500ml,200lit. of water per acre."
hairy caterpillar hisar,Spray 500 ml. Quinalphos in 200 lt. of water per acre.
apid wheat,How to control APID in wheat crop?Spray-100 ML Confidor 150 litar water par acre.
fungal hisar,How to control fungal disease in jowar ?Spray 400 gm. M-45 in 200 lt. of water per acre.
catterpiller methi,spray of spinoshed @ 75 ml in 150 litre of water/acre.
thirps chappan kaddu,spray ;400 ml melathion or 350 gm rogor in 200 liter water / acre .
cater piller wheat,Broadcasting of Cartep @7 Kg/acre.
fungal chappan kaddu,how to control fungal disease in chappan kaddu ? spray of m-45 @ 400 gm in 200 liter watre/acer .
fungal disese onion crops,how to control fungal disese in onion crops? spray:- bavistin 2 gram in 1 kilo litre.
green tela wheat,"spray of rogar 400ml,200lit. of water per acre."
catterpiller yellow rust wheat,spray of 400 ml monocrotophos + 200 ml tilt in 200 litre of water/acre.
aphids catterpiler wheat,spray of monocrotophos @ 400 ml in 200 litre of water/acre.
aphid grubs wheat,spray 100 ml. confidor in 150 lt. of water per acre.
thrips aphid wheat spray confidor ml litre water acre,??????:-  ????? ??? ????/????/?? ??? ?? ?????? ???? ???? ?????:- 100 ???? ????????? ?? 150 ???? ???? ??? ?????? ????? ??? ?? ????? ?? ?????? ?????
malformation mango,information regarding how to control malformation disease in mango .spray 1 gm melathion +1 gm m-45 in /litre  water  .
chepa wheat,SPRAY 440 ML ROGOR IN 100 LITER WATER PER ACRE
thirips insects sorghum crops,Information regarding How to control thirips/insects in sorghum crops?spray ?:- 100 ml confidor or 400 gm melathion or 350 ml rogar in 200 litre water / ecd .
thirips insects wheat spray,Information regarding How to control thirips/insects in wheat?spray ?:- 100 ml confidor or 400 gm melathion or 350 ml rogar in 200 litre water / ecd .
ti aphid wheat,confidore 100ML/150 liter water per acre.
affids thrips sundi wheat,information regarding control of affids and thrips / sundi  in wheat ? spray 400ml malathion or 350 ml rogor or in 200 Ltr of water /acre .
sorghum,Spray 2 gm M-45 or Bavastin or copper oxy chloride or sulfex or captan / liter water
borer,spray quinalphos @ 800 ml in 200 litre of water/acre.
kali kidi wheat,160 ml dichlorovas 76 EC or 400 ml chloropyriphos in 400 liter water / acre .
cattepiler,information regarding how to control cattepiler in cotton crop ?spray500 ml trijophos or 100ml cypermetherin or 800 ml monocrotophos in 200 lit in water / acre
fengel diceses barley,Information regarding how to control fengel diceses in barley ?spray 200 ml tilt @ 200 liter water per acre .
yellow rust black spik wheat,Spray 200 ml. Tilt in 200 lt. of water per acre to control yellow rust in wheat crop.
sundi graam crops,"Information regarding how to control sundi in graam crops? control are:-spray- Saipermethrin@60ml 25 Ec in 100 liter water per acer,"
hou aphid wheat crpop,HOU TO CONTROL APHID  IN WHEAT CRPOP.?spray 400 ml. malathion in 200 lt. of water per acre.
tarmite wheat,control of termite in wheat crops are:-brodcasting cloropyriphose 2 litr in 25 kilo dry soil(ret)per acer.
weeds sorghum crops,"How to control weeds in sorghum crops? control :-spray Aatrazin@200 graam in 250 liter water per acer,"
fungal,How to control fungal disease in  ?Spray 400 gm. M-45 in 200 lt. of water per acre.
stem borer bajra,spray of carboril @ 2ml /litre of water.
sundi afids wheat,spray 50 ml fame in 100 litre water/acre.
aphid wheat crpop,HOU TO CONTROL APHID  IN WHEAT CRPOP.?Spray-100 ML Confidor 150 litar water par acre.
aphid tomato,How to control of aphid in tomato?spray 400 ml. malathion in 200 lt. of water per acre.
,Spray 2 gm M-45 or Bavastin or copper oxy chloride or sulfex or captan / liter water
fengel dieses sonipat,how to control fengel dieses in SONIPAT?spray 400 gm bavestin @200litre water.
sodi wheat,Information regarding how to control SODI in WHEAT crop ?spray cypermethrin @ 60 ml in 200 litre of water/acre.
stem borrer catterpiller barseem,spray of quinalphos 2ml litre/ of water.
viral bottle gaurd,spray melathion 200 ml in 200 liter water.
karnal bunt wheat,mancozeb 800gram 200 liter water per acre spray.
moong,"Disease control in moong crop ?spray blitox -50 , M-45 , @ 600-800 Gm 250 liter water /acre ."
flowear fruits droping,Spray 1 ml. planofix per 4 lt of water.
tell aphid wheat crops,SPRAY OF IMIDACHLOPRID 17.8% SL 0.5 ML PER LITER WATER
tell aphid wheat,DAIMITHIYOT 30EC 2 ML /LITER SPRAY KARE.
imformation sudi wheat crops,IMFORMATION REGARDING HOW TO CONTROL SUDI IN WHEAT CROPS.?SPRAY:-200ML. MONOCROTOPHOS IN 200LT WATER PER/ACER.?
yellow rest wheat,spray 200 ml tilt in 200 litre water/acre.
white yellow red leaf barseem,"how to control white /yellow, red, leaf of barseem?answer:-spray 1 kilo megneese  salphate  in 100 lit  water/acre ."
fungal garlick crops,How to control fungal disease in garlick crops? spray:- bavistin 2 gram OR M-45in 1 kilo litre.
bottle guard,Spray 2 gm M-45 or Bavastin or copper oxy chloride or sulfex or captan / liter water
whit powder wheat leaf,"SPRAY OF 400G MENCOZEV ,200LIT. OF WATER PER ACRE."
black rust barseem,spray of bawastin @ 2gm/litre of water.
fungul dieseas wheat,How to control of fungul dieseas in wheat :-Spray of m-45@600 gm in 200 liter water per acer .
yellow rust wheat crops,spray 200ml tilt 200 litre water er acre
kansua sugarcane,how to control kansua in sugarcane -spray 150 ml confidor 200 liter water per acre
thirps barley,Spray 100 ml. Confidor in 150 lt. of water per acre.
yellow rust white spik wheat,spray tilt/folicure @ 200 ml in 200 litre of water/acre.
stem borer brinjal,information regarding how to control stem/fruit borer in brinjal ?spray 75 gram spynosed (45sc ) 80 liter water /ecd .
fangale wheat,control fungale Spray 800 gm. M-45 or Z-78 in 200 lt. of water per acre.
fungal diseases bhindi,How to control fungal diseases in bhindi crop?Spray 600 gm. bavastin in 200 lt. of water per acre.
laldi bottle gourd,"methyalperathiyan 0.2 %,4kg per acre."
yellow black rust black white spik wheat,Spray 200 ml. Tilt/folicure in 200 lt. of water per acre.
rehow aphids sundi wheat,spray 100 ml confidor in 150 litre water/ acre .
white fly thrips,"Information regarding how to control white fly/thrips in cotton crop ?control are:-spray-daimethoeat(rogor)30ec @250-300ml or oxideemeton(metasistox)25ec @400ml  or eemidakloroprid(konfidor)@100 ml or thyaameethoxaam(ektara)@50gram@500gm quenalphos in 120-150 leetr water per acer,"
early blight bottle gourd,How to control Early Blight in bottle gourd?How to control Early Blight in bottle gourd-Spray 400 gm. Mencozeb in 200 lt. of water per acre.
laldi pest wheat,spray 60 ml. cypermethrin in 100 lt. of water per acre.
fengel dieses fenugreek,"How to control fengel dieses in fenugreek ?spray 400 gm indofil m-45, in 200 litre water/acre."
affids thrips maize,information regarding control of affids and thrips in wheat ? spray 400ml malathion or 350 ml rogor or 400 gm karboril in 200Ltr of water /acre .
aphids sugarcane,Spray 100 ml. Confidor (17.8%) in 120 lt. of water per acre.
rust yallow,spray of tilt 200 ml.200 lit. of water per acre.
motha grass sugarcane,"Information regarding control of motha grass in sugarcane ?Spray 400 ml 2,4-D Ester in 250Ltr of water /acre ."
termite bhindi,broadcast cloropyriphos @ 1.5 lt in 20 kg sand per acre.
consua sugarcane,150 ml confidor ( emidachlopride )200 SL or corazon in 200-250 liter water /acre .
yellow rust wheat spray ml tilt litar water par acre,How to control yellow rust in wheat crop?Spray-200 ml Tilt 200 litar water par acre.
satep boler wheat,How to control SATEP BOLER in wheat crop?spray MALATHION 400ML. @ in 200 liter of water /acre .
thirps wheat spray ml confidor lt water per acre,-Spray 100 ml. Confidor in 150 lt. of water per acre.
catterpileer aphids wheat,spray of monocrotophos @ 400 ml in 200 litre of water/acre.
nemetod wheat crops c,"Information regarding how to control nemetod in wheat crops?Control:-Brdodcast Karbofuran@13 kg in 30 kilo dry soil per acer,and after light irrigation,"
fruit rot branch dieback tomato,How to control fruit rot and branch dieback in tomato?Spray 400 gm. M-45 in 200 lt. of water per acre.
yellow rust wheat spray ml tilt lt water per acre yellow rust wheat,Information regarding how to control yellow rust in wheat crop?Spray 200 ml. Tilt in 200 lt. of water per acre to control yellow rust in wheat crop.
leaf wilt sarson,spray of salfex @ 500 gm in 200 litre of water/acre.
yellow rust white spike wheat,spray tilt/folicure @ 200 ml in 200 litre of water/acre.
shootfly chillies,spray of lethal @ 2ml/litre of water.
insects sorghum crops,"Information regarding how to control insects in  sorghum crops?control:-spray-saipermethrin@60ml in  120 liter water per acer,"
leaf curl mosaic,Information regarding how to control leaf curl/mosaic in cotton crop ?spray rogor @ 300 ml in 200 litre of water/acre.
fungal sorghum,spray of m-45 ( mancojeb) @ 2 gm /liter water .
sundi tomato,75 ml fanvalrate 20 EC or 60 ml cypermethrin 25 EC or 200 ml deltamethrin 2.8 EC in 200-250 liter water / acre .
bactirial diseases paddy,How to control bactirial  diseases in paddy?answer :-spray 500 gram coperoxicloried +8 gram coperoxicloried in 200 litre water / acre
namotods wheat,FURADAN 13 KG PER ACRE.
regrading red leafs wheat,spray of magnisium sulphate @ 1 kg in 100 litre of water/acre.
nformationregarding type weeds wheat,spray of accord plus @ 500 ml mixed in 200 litre of water/acre.spray of besta @ 160 gm  mixed in 250 litre of water/acre.
fungal carrot,"spray 400 gm diathen m-45 or vavistin , karathane 40 EC @ 80 ml in 200 litre water /acre ."
howto termite wheat,termite of wheat - burkav of 1.5-2 liter in 20 kg soukhi
reinformation termite wheat,garding how to control of termite in wheat?broadcast cloropyriphos @ 1.5 lt in 20 kg sand per acre.
termit wheat broadcast chlorpyriphos litre kg dry send acre,Information regarding how to control termit in wheat crop ?broadcast chlorpyriphos @ 1.5 litre in 25 kg dry send/acre
early blight patato,How to  control early blight of patato ?spray 400gm diathen m-45  or vavistin  in 200 litre water /acre .
aphids bottle gourd,How to control aphids in Bottle gourd ?Spray 400 ml. malathion or rogor in 200 lt. of water/ ecd
aphids sundi wheat aphids sundi wheat spray ml confidor litre water acre,spray 100 ml confidor in 150 litre water/ acre .
funjal wheat,SPRAY OF CARVENDAJIM (BABASTIN)500 GM IN 200 LITER WATER/ACRE .
nimitod whead,Brodcasting karbofuran 13 kg per acre .
catterpiler pea,Information regarding how to control catterpiler in pea?spray 75 ml fenvalrate or spinosed mixed in 125 liter water / ecd .
insect pest potato,Insect pest control in potato ?300 ml Dimethoate ( Rogor )30 EC  or Oxydemeton Methyl ( Metasystox )25 EC in 200-250 liter water / acre .
iformation termite potato,Iformation regarding how to control termite in potato ?Broadcast 1.5 Ltr chlorophyriphos in 25 kg sand  per acre  .
fungul potato,"How to control fungul disease in potato ?spray 400 gm indofil, m-45  or bavestin in 200 litre water /acre ."
weeds wheat spray,axial @ 400 ml in 200 litre of water/acre.
thirps tomato,how to control thirps in tomato ?spray ;400 ml melathion or 350 gm rogor in 200 liter water / acre .
grasshopper wheat,spray of ekalux @ 30 ml/15 litre of water.
weed garlic,"spray of stamp 1.5lit.,200 lit. of water per acre."
fangle barseem,spray :-800gm mencojeb m-45 in 200 lt water /acre
gobh sundi paddy,Information regarding how to control gobh sundi in paddy ?broadcast padan @ 7.5 kg or rejent @ 10 kg/acre
fungas wheat,spray 400 gm bavastin in 200 liter water / acre .
broad leafe weeds wheat spray algrip gm litre water acre sowing time days,Spray total @ 16 gm in 200 litre of water/acre at the sowing time after 30 -35 days.
nformation termite,how to control of termite in  ?broadcast cloropyriphos @ 1.5 lt in 20 kg sand per acre.
fungal paddy,HOW TO CONTROL FUNGAL DISEASE IN PADDY ?SPRAY 250 ML TILT IN 200 LITER PER ACRE.SPRAY 250 ML TILT IN 200 LITER PER ACRE.
margoja orobenki,information regarding how to control margoja(orobenki)?spray :- 25 ml  glaysel  (glysophet41%sl)in 150 litre water  /acre after 30 days of sowing
white black hopper pady,broadcasting mithiel perathioan 10kg/acer.
weeds methi,Information regarding how to control weeds in methi crop ?spray pendimethalin @ 500 gm in 200 litre of water/acre.
dimik wheat,broadcasting 1.5 litre cloropeyrephos + 20 kg dry soil @ per acre.
stem boror paddy,spray 500 ml qwenolphos or monocrtophos  mixed in 200 liter water / ecd
neck sheith blast fungal paddy,spray of nativo @ 100 gm mixed in 150 litre of water/acre.
hopper paddy,information regarding how to control hopper  in paddy ? broadcast 10 kg karberil pr mithael perathiyon / ecd
